Species;Gene;Identifier;Whole protein
Homo sapiens;CLK1;Uniprot:P49759;MRHSKRTYCPDWDDKDWDYGKWRSSSSHKRRKRSHSSAQENKRCKYNHSKMCDSHYLESRSINEKDYHSRRYIDEYRNDYTQGCEPGHRQRDHESRYQNHSSKSSGRSGRSSYKSKHRIHHSTSHRRSHGKSHRRKRTRSVEDDEEGHLICQSGDVLSARYEIVDTLGEGAFGKVVECIDHKAGGRHVAVKIVKNVDRYCEAARSEIQVLEHLNTTDPNSTFRCVQMLEWFEHHGHICIVFELLGLSTYDFIKENGFLPFRLDHIRKMAYQICKSVNFLHSNKLTHTDLKPENILFVQSDYTEAYNPKIKRDERTLINPDIKVVDFGSATYDDEHHSTLVSTRHYRAPEVILALGWSQPCDVWSIGCILIEYYLGFTVFPTHDSKEHLAMMERILGPLPKHMIQKTRKRKYFHHDRLDWDEHSSAGRYVSRRCKPLKEFMLSQDVEHERLFDLIQKMLEYDPAKRITLREALKHPFFDLLKKSI
Homo sapiens;CLK2;Uniprot:P49760;MPHPRRYHSSERGSRGSYREHYRSRKHKRRRSRSWSSSSDRTRRRRREDSYHVRSRSSYDDRSSDRRVYDRRYCGSYRRNDYSRDRGDAYYDTDYRHSYEYQRENSSYRSQRSSRRKHRRRRRRSRTFSRSSSQHSSRRAKSVEDDAEGHLIYHVGDWLQERYEIVSTLGEGTFGRVVQCVDHRRGGARVALKIIKNVEKYKEAARLEINVLEKINEKDPDNKNLCVQMFDWFDYHGHMCISFELLGLSTFDFLKDNNYLPYPIHQVRHMAFQLCQAVKFLHDNKLTHTDLKPENILFVNSDYELTYNLEKKRDERSVKSTAVRVVDFGSATFDHEHHSTIVSTRHYRAPEVILELGWSQPCDVWSIGCIIFEYYVGFTLFQTHDNREHLAMMERILGPIPSRMIRKTRKQKYFYRGRLDWDENTSAGRYVRENCKPLRRYLTSEAEEHHQLFDLIESMLEYEPAKRLTLGEALQHPFFARLRAEPPNKLWDSSRDISR
Homo sapiens;CLK3;Uniprot:P49761;MPVLSARRRELADHAGSGRRSGPSPTARSGPHLSALRAQPARAAHLSGRGTYVRRDTAGGGPGQARPLGPPGTSLLGRGARRSGEGWCPGAFESGARAARPPSRVEPRLATAASREGAGLPRAEVAAGSGRGARSGEWGLAAAGAWETMHHCKRYRSPEPDPYLSYRWKRRRSYSREHEGRLRYPSRREPPPRRSRSRSHDRLPYQRRYRERRDSDTYRCEERSPSFGEDYYGPSRSRHRRRSRERGPYRTRKHAHHCHKRRTRSCSSASSRSQQSSKRSSRSVEDDKEGHLVCRIGDWLQERYEIVGNLGEGTFGKVVECLDHARGKSQVALKIIRNVGKYREAARLEINVLKKIKEKDKENKFLCVLMSDWFNFHGHMCIAFELLGKNTFEFLKENNFQPYPLPHVRHMAYQLCHALRFLHENQLTHTDLKPENILFVNSEFETLYNEHKSCEEKSVKNTSIRVADFGSATFDHEHHTTIVATRHYRPPEVILELGWAQPCDVWSIGCILFEYYRGFTLFQTHENREHLVMMEKILGPIPSHMIHRTRKQKYFYKGGLVWDENSSDGRYVKENCKPLKSYMLQDSLEHVQLFDLMRRMLEFDPAQRITLAEALLHPFFAGLTPEERSFHTSRNPSR
Homo sapiens;CLK4;Uniprot:Q9HAZ1 ;MRHSKRTHCPDWDSRESWGHESYRGSHKRKRRSHSSTQENRHCKPHHQFKESDCHYLEARSLNERDYRDRRYVDEYRNDYCEGYVPRHYHRDIESGYRIHCSKSSVRSRRSSPKRKRNRHCSSHQSRSKSHRRKRSRSIEDDEEGHLICQSGDVLRARYEIVDTLGEGAFGKVVECIDHGMDGMHVAVKIVKNVGRYREAARSEIQVLEHLNSTDPNSVFRCVQMLEWFDHHGHVCIVFELLGLSTYDFIKENSFLPFQIDHIRQMAYQICQSINFLHHNKLTHTDLKPENILFVKSDYVVKYNSKMKRDERTLKNTDIKVVDFGSATYDDEHHSTLVSTRHYRAPEVILALGWSQPCDVWSIGCILIEYYLGFTVFQTHDSKEHLAMMERILGPIPQHMIQKTRKRKYFHHNQLDWDEHSSAGRYVRRRCKPLKEFMLCHDEEHEKLFDLVRRMLEYDPTQRITLDEALQHPFFDLLKKK
Mus musculus;CLK1;Uniprot:P22518;MRHSKRTYCPDWDERDWDYGTWRSSSSHKRKKRSHSSAREQKRCRYDHSKTTDSYYLESRSINEKAYHSRRYVDEYRNDYMGYEPGHPYGEPGSRYQMHSSKSSGRSGRSSYKSKHRSRHHTSQHHSHGKSHRRKRSRSVEDDEEGHLICQSGDVLSARYEIVDTLGEGAFGKVVECIDHKVGGRRVAVKIVKNVDRYCEAAQSEIQVLEHLNTTDPHSTFRCVQMLEWFEHRGHICIVFELLGLSTYDFIKENSFLPFRMDHIRKMAYQICKSVNFLHSNKLTHTDLKPENILFVKSDYTEAYNPKMKRDERTIVNPDIKVVDFGSATYDDEHHSTLVSTRHYRAPEVILALGWSQPCDVWSIGCILIEYYLGFTVFPTHDSREHLAMMERILGPLPKHMIQKTRKRRYFHHDRLDWDEHSSAGRYVSRRCKPLKEFMLSQDAEHELLFDLIGKMLEYDPAKRITLKEALKHPFFYPLKKHT
Mus musculus;CLK2;Uniprot:O35491;MPHPRRYHSSERGSRGSYHEHYQSRKHKRRRSRSWSSSSDRTRRRRREDSYHVRSRSSYDDHSSDRRLYDRRYCGSYRRNDYSRDRGEAYYDTDFRQSYEYHRENSSYRSQRSSRRKHRRRRRRSRTFSRSSSHSSRRAKSVEDDAEGHLIYHVGDWLQERYEIVSTLGEGTFGRVVQCVDHRRGGTQVALKIIKNVEKYKEAARLEINVLEKINEKDPDNKNLCVQMFDWFDYHGHMCISFELLGLSTFDFLKDNNYLPYPIHQVRHMAFQLCQAVKFLHDNKLTHTDLKPENILFVNSDYELTYNLEKKRDERSVKSTAVRVVDFGSATFDHEHHSTIVSTRHYRAPEVILELGWSQPCDVWSIGCIIFEYYVGFTLFQTHDNREHLAMMERILGPVPSRMIRKTRKQKYFYRGRLDWDENTSAGRYVRENCKPLRRYLTSEAEDHHQLFDLIENMLEYEPAKRLTLGEALQHPFFACLRTEPPNTKLWDSSRDISR
Mus musculus;CLK3;Uniprot:O35492;MPVLSARRKRLASTAGPRRGSGPSLAVRWVPPLGPEPSSDRGRAPMRPRGPTCSTTRRGAGRGPRLLPGPPGRDLHRCRPDPGGAGQSPRVCEFGARAVRPLGRVEPGPPTAASREGAVLPRAEARAGSGRGARSGEWGLAAAGAWETMHHCKRYRSPEPDPYLSYRWKRRRSYSREHEGRLRYPSRREPPPRRSRSRSHDRIPYQRRYREHRDSDTYRCEERSPSFGEDCYGSSRSRHRRRSRERAPYRTRKHAHHCHKRRTRSCSSASSRSQQSSKRSSRSVEDDKEGHLVCRIGDWLQERYEIVGNLGEGTFGKVVECLDHARGKSQVALKIIRNVGKYREAARLEINVLKKIKEKDKENKFLCVLMSDWFNFHGHMCIAFELLGKNTFEFLKENNFQPYPLPHVRHMAYQLCHALRFLHENQLTHTDLKPENILFVNSEFETLYNEHKSCEEKSVKNTSIRVADFGSATFDHEHHTTIVATRHYRPPEVILELGWAQPCDVWSIGCILFEYYRGFTLFQTHENREHLVMMEKILGPIPSHMIHRTRKQKYFYKGGLVWDENSSDGRYVKENCKPLKSYMLQDSLEHVQLFDLMRRMLEFDPAQRITLAEALLHPFFAGLTPEERSFHSSRNPSR
Mus musculus;CLK4;Uniprot:O35493;MRHSKRTHCPDWDSRESWGHESYSGSHKRKRRSHSSTQENRHCKPHHQFKDSDCHYLEARCLNERDYRDRRYIDEYRNDYCEGYVPRHYHRDVESTYRIHCSKSSVRSRRSSPKRKRNRPCASHQSHSKSHRRKRSRSIEDDEEGHLICQSGDVLRARYEIVDTLGEGAFGKVVECIDHGMDGLHVAVKIVKNVGRYREAARSEIQVLEHLNSTDPNSVFRCVQMLEWFDHHGHVCIVFELLGLSTYDFIKENSFLPFQIDHIRQMAYQICQSINFLHHNKLTHTDLKPENILFVKSDYVVKYNSKMKRDERTLKNTDIKVVDFGSATYDDEHHSTLVSTRHYRAPEVILALGWSQPCDVWSIGCILIEYYLGFTVFQTHDSKEHLAMMERILGPIPAHMIQKTRKRKYFHHNQLDWDEHSSAGRYVRRRCKPLKEFMLCHDEEHEKLFDLVRRMLEYDPARRITLDEALQHPFFDLLKRK
Gallus gallus;CLK1;Uniprot:A0A8V1A7H8;MLKQRPLQTAGFLKPSCVNTKMGNYERSDQPGWDRRRGGSERQGKRRSHSGAQESRHYRHEMAKRPHSKCSEAKSVNDREHHKRRRYVEEYRSEHTQGYDSRQQHREHDKSAHHHHHHHSSRSLGRSGKGGDKRWYRTQHSAGHHHHHSQRSHRRKRSRSVEDDEEGHLICQSGDVLSARYEIVATLGEGAFGKVVECIDHKAGGRHVAVKIVKNVDRYSEAARSEVQVLEHLNASDPSNTYRCVQMLEWFEHHGHVCIVFELLGLSTYDFIKENGFLPFRLDHIRQMAYQICKSVNFLHLNKLTHTDLKPENILFVQSDYVEEYNPRLKRDERTLKNPDIKVVDFGSATYDDEHHSTLVSTRHYRAPEVILALGWAQPCDVWSIGCILIEYYLGFTVFPTHDSKEHLAMMERILGPLPNHMIQKTRKRKYFHRDQLDWDEHSSAGRYVARRCKPLKEFMMCRDADHENLFDLIQKMLEYDPAKRITLEEALKHPFFFPLKQEKRKLSPVPEQSCSSPPKKCRRF
Gallus gallus;CLK2;Uniprot:A0A1D5P8C4;MPHSRRYRSSERSSRGSFHERYRSRKHKRRRSRSSSSERERRHRREGSYHVRSRSYDDHSADRRAYDRRYCDSYRRNDYSRERGEPYYDPEYRHSYEYRRSRDRDGSYRSCKSSRRKHRRRRRRSRSFSRSSSQRSRQSSRRAKSVEDDDEGHLIYRVGDWLQERYEILSTLGEGTFGRVVQCMDHRRGGVRVALKIIKNVEKYKEAARLEINVLEKINEKDPENKNLCVRMFDWFDYHGHMCISFELLGLSTFDFLKDNNYLPYPIHQVRHMAFQVCQAVKFLHDNKLTHTDLKPENILFVNSDYELTYNLEKKRDERSVKSTAIRVVDFGSATFDHEHHSTIVSTRHYRAPEVILELGWSQPCDVWSIGCIIFEYYVGFTLFQTHDNREHLAMMERILGPIPSRMIRKTRKQKYFYHGRLDWDENTSAGRYVRDNCKPLRRYLTSEAEDHHRLFDLIESMLEYEPSKRISLAEALKHPFFDVLEMEPSTKMWDSSRDISR
Gallus gallus;CLK3;Uniprot:F1NLR7;MHHCKRYRSPEQEACWGPRWKRKRSRSRAYEGRPRCPPRRDLPRRSRSRSHDRMPYHRRYRDRRDSDAYRFEERSPSFDDDYYSTRTRHWRRSRDREQYYDRKHQHYCRKRRTRSCSSASSRSQQSSKRSRSVEDDKEGHLVCRIGDWLQERYEIVGSLGEGTFGKVVECVDHARGKSQVALKIIKNVGKYREAARLEINVLKKIKEKDKENKFLCVLMSDWFNFHGHMCIAFELLGKNTFEFLKENNFQPYPLPQIRHMAYQLCHALKFLHDNQLTHTDLKPENILFVNSDFDTLYNEKKSCEEKSIRNTSIRVADFGSATFDHEHHTTIVATRHYRPPEVILELGWAQPCDVWSTGCILFEYYRGFTLFQTHENREHLVMMEKILGPIPSHMIHRTRKQKYFYKGNLVWDENTSDGRYVQENCKPLRTYMLHDSLEHAQLFDLIRRMLEFDPSRRITFSEALLHPFFAGLSAEERMLCGRGTSRDLSR
Gallus gallus;CLK4;Uniprot:E1C4D8;MYLFEHRIPAYNVQQRKLEQMRHSKQSHCPEWDDRRSWDQRKHSSSRKRRKRSHSSGQESKHYKPNHVSESHYLDDRTINERDHHDRRYVEEYRNDFCEVYDHRHYHRDYEKSHHHHYSKSSGRSRKSSHKRKHKRHHCSSHQSHSKSHRRKRSRSVEDDEEGHLICESGDVLRARYEIVATLGEGAFGKVVECIDHDMRGMHVAVKIVKNVGRYREAARSEIQVLEHLNTMDPSSTFRCVQMLEWFDHHGHVCIVFELLGLSTYDFIKENSFLPFHINDIRNMAYQICQSINFLHHNKLTHTDLKPENILFVESDYIVKYNAKMKRDERTLKNTDIKVVDFGSATFDDEHHSTLVSTRHYRAPEVILALGWSQPCDVWSIGCILIEYYLGFTVFQTHDSKEHLAMMERILGPLPAHMIKKSRKHYFHHNQLDWDEHSSAGRYVRRRCKPLKEFMHCQDTDHQSLFDLVRRMLEYDPAKRITLDEALQHPFFDPLKK
Trachemys scripta elegans;CLK1;XP_034642334.1;MRHSKRTEYPDWDEKESWDSRQCSSSHKRKKRSHSSARENKRCKHNHSKVSDSHHSEARSINERDHHDRRYIEEYRSDYSQVYENGHHHRDHENGYHNHSSKSSGHSGRSSYKRKHKTYHSASHHHSQMKSHRRKRSRSVEDDEEGHLICQSGDVLSARYEIIATLGEGAFGKVVECIDHKAEGRHVAVKIVKNVDRYCEAARSEIQVLEHLNASDPKNTFRCVQMLEWFEHHGHVCIVFELLGLSTYDFIKENSFLPFRLDHIRKMAYQICKSVNFLHLNKLTHTDLKPENILFVKSDYVEEYNPKLKRDERTLKNPDIKLVDFGSATYDDEHHSTLVSTRHYRAPEVILALGWSQPCDVWSIGCILIEYYLGFTVFPTHDSKEHLAMMERILGPLPIHMIEKTRKRKYFHHNQLDWDEHSSAGRYVSRRCKPLKEFMLCQDLDHENLFDLIQKMLEYDPAKRITLQEALTHPFFSALKQENK
Trachemys scripta elegans;CLK2;XP_034647950.1;MPHSRRYRSSERSSRGSYHERYRSRKHKRRRTRSRSSSSERDRRHRREDSYHVRSRSYDDHSSDRRAYDRRYCDSYRRNDYSRERGEAYYETEYRHSYEYRRSRDHDGSYRSCKSSRRNKHRRRRRRSRSFSRSSSQRSRQSSRRAKSVEDDDEGHLIYRVGDWLQERYEIISTLGEGTFGRVVQCVDHRRGGARVALKIIKNVEKYKEAARLEINVLEKINEKDPENKNLCVQMFDWFDYHGHMCISFELLGLSTFDFLKDNNYLPYPIHQVRHMAYQVCQAVKFLHDNKLTHTDLKPENILFVNSDYELTYNLEKKRDERSVKSTAIRVVDFGSATFDHEHHSTIVSTRHYRAPEVLLELGWTQPCDVWSIGCIVFEYYVGFTLFQTHDNREHLAMMERILGPIPSRMIRKTRKQKYFYHGRLDWDENTSAGRYVRENCKPLRRYLTSEAEDHHHLFDLIESMLEYEPSKRITLAEALKHPFFDMLKTEPSTKVWDSSRDISR
Trachemys scripta elegans;CLK3;XP_034640666.1;MHHCKRYQSPEQETYMSHKWKRRRSHSREYEGRLRYQPQRDLPRRSRSRSHERMPYQRRYRDRRESDNYRFEDRSPSFGEDYYSTRSHHCRRSRDREHHRTRKHQHRCRKRKTRSCSSASSRSQQSSKRSRSVEDDKEGHLVCRIGDWLQERYEIVGSLGEGTFGKVVECVDHARGKSQVALKIIRNVGKYREAARLEINVLKKIRERDKDNKYLCVLMSDWFNFHGHMCIAFELLGKNTFEFLKENNFQPYPLPQIRHMAYQLCHALRFLHDNQLTHTDLKPENILFVNSDFDTMYNETKSCEEKSIRNTNIRVADFGSATFDHEHHTTIVATRHYRPPEVILELGWAQPCDVWSIGCILFEYYRGFTLFQTHENREHLVMMEKILGPIPSPMIHKTRKQKYFHKGGLVWDENTSDGRYVQENCKPLRSYLLYDSPDHVQLFDLMRRMLEFDPSKRITFSEALLHPFFSGLSPEERMLCSRVSNRDLSR
Trachemys scripta elegans;CLK4;XP_034635055.1;MRHSKRSHCSEWDDRKSWDQGKHSAPHKRKKRSHSSVQESKPYKSHHLEVSDRSINERDHHDRRYVEEYRNDFCEVYDHRHYHRDDEKSHHHHYSKSSGRSRKSSHKRKHKRRHCSSHHSHSKSHRRKGSRSVEDDEEGHLVCESGDVLRARYEIIATLGEGAFGKVVECIDHNMRGMHVAVKIVKNVSRYREAARSEIQVLEYLNTMDPSSTFRCVQMLEWFDHHGHVCIVFELLGLSTYDFIKENSFLPFHIGDIRQMAYQICQSINFLHHNKLTHTDLKPENILFVESDYVVKYNSKMKRDERTLKNTDIKVVDFGSATFDNEHHSTLVSTRHYRAPEVILALGWSQPCDVWSIGCILIEYYLGLTVFQTHDSKEHLAMMERMLGPLPTHMIKKSRKRYFQHDQLDWDEHSSAGRYVRRRCKPLKELMHCHDSDHQNLFDLVRRMLEYDPAKRITLDEALQHPFFDLLKNK
Alligator mississippiensis;CLK1;KYO33617.1;MRDGTFSAAPSCAGGGAGGAAVGTAGQPEAPVTARPLRAGEMRHSKRTNCPEWDEKEGGDRGNCSSSHKRKRRSHSSVRESKHCKHSHSKVLDSYCAEARPANERDHHERRYVEEYRNEYSQVHENGHHHRDHENGYHNHSSKSSGNSGRSSYKRKYKSHHSASHHHAQMKSHRRKRSRSVEDDEEGHLICQSGDVLSARYEIVATLGEGAFGKVVECIDRKAGGRHVAVKIVKNVDRYSEAARSEIQVLEHLNVSDPSSAYRCVQMLEWFDHHGHVCIVFELLGLSTYDFIKENGFLPFRLDHIRKMAYQICKSVNFLHLNKLTHTDLKPENILFVKSDYVEEYNPKLKRDERTLKNPDIKVVDFGSATYDDEHHSTLVSTRHYRAPEVILALGWSQPCDVWSIGCILIEYYLGFTIFPTHDSKEHLAMMEKILGPLPVHMIQKTRKRKYFHHDQLDWDEHSSAGRYVSRRCKPLKEFMLCQDSEHENLFDLIQKMLEYDPAKRITLDAALKHPFFSSL
Alligator mississippiensis;CLK2;XP_059574675.1;MPHSRRYRSSERSSRGSYRERYRSRKHKRRRSRSRSSSSERDRRHRREDSYHVRSRSYEDHSVDRRAYDRRYCDSYRRNDYSRERGEAYYDAEYRHSYEYRRSRDREGSYRSCKSSRRKHRRRRRRSRSFSRSSSQRSRPSSRRAKSVEDDDEGHLIYRVGDWLQERYEIISTLGEGTFGRVVQCVDHRRGGARVALKIIKNVEKYKEAARLEINVLEKINEKDPENKNLCVRMFDWFDYHGHMCISFELLGLSTFDFLKDNNYLPYPIHQVRHMAFQVCQAVRFLHDNKLTHTDLKPENILFVSSDYELTYNLEKKRDERSVKSTAIRVVDFGSATFDHEHHSTIVSTRHYRAPEVILELGWSQPCDVWSIGCIIFEYYVGFTLFQTHDNREHLAMMERILGPIPSRMIRKTRKQKYFYHGRLDWDENTSAGRYVRENCKPLRRYLTSEAEDHHRLFDLIESMLEYEPSKRITLAEALKHPFFDVLKMELSTKVWDSSRDISR
Alligator mississippiensis;CLK3;XP_006273210.2;MLPGACVRRTNPAGQQGLVPMRIAHPEPSCTSRAGSWLWRAEAFVAMHHCKRYRSPEQETYMNHKWKRKRSRSREYEGRLRYPPRRDLSRRSRSRSQDRMPYHRRYRERRDSDNYRFEERSPSFGEDYYATHSRHWRRSRGREHQRAKKHQHHCRKRRTRSCSSASSRSQQSSKRSRSVEDDKEGHLVCRIGDWLQERYEIVGSLGEGTFGKVVECVDHARGKTQVALKIIKNVGKYREAARLEINVLKKIRERDKDNKFLCVLMSDWFNFHGHMCIAFELLGKNTFEFLKDNNFQPYSLSQIRHMAYQLCHALRFLHDNQLTHTDLKPENILFVNSAFDTLYNEKKSCEEKSIRNTSIRVADFGSATFDHEHHTTIVATRHYRPPEVILELGWAQPCDVWSTGCILFEYYRGFTLFQTHENREHLVMMEKILGPIPSHMIHKTRKQKYFHNGNLVWDESTSDGRYVQENCKPLRTYMLHDSLDHLQFFDLMRRMLEFDPSQRIMFSEALMHPFFTGLSPEERMLCGRDSSRDLSR
Alligator mississippiensis;CLK4;Uniprot:A0A151M7A4;MIDTLNPATIKARLGRVRKVVEGEAAQALGRHFVRVREAGGDGAPCGFPTAMRHSKRTHCPEWDDERSGDEGKHSSSHKRRRRSHSGAQESKHYKSRETSDSHCLDNRSINERDHHDRKYIEEYRNDFCEAYDYRRYHRDNEKSHHHHYSKSSGQSRKSSHKKKHKRHHCSSHHSHSKSHRRKRSRSVEDDEEGHLICESGDVLRARYEIVDTLGEGAFGKVVECIDHHMRGMHVAVKIVKNVGRYCEAARSEIQVLEHLNTMDPSSTFRCVQMLEWFDHHGHVCIVFELLGLSTYDFIKENSFLPFRIDDIRHMAYQICQSINFLHHNKLTHTDLKPENILFVHSDYIVKYNAKMKRDERTLKNTDIKVVDFGSATFDDEHHSTLVSTRHYRAPEVILALGWSQPCDVWSIGCILIEYYLGFTVFQTHDSKEHLAMMERILGPLPTHMIKKSRKHYFHHDQLDWDEHSSSGRYVRRRCKPLKEFMHCQDADHQTLFDLVHKMLEYDPSDRITLDEALQHPFFDPLKRK
Anolis carolinensis;CLK1;XP_003215186.1;MRYSKQTDYSDWDEKQHEDRHQGSSHHKRKRTSHSSAHDSKRCKYNDTQIYDSLYSDASSFHERDNQERRYVEYRNNFSQLSESKHHCRDNESGYHNHSSKSSGHSGRSSYKRKHKTHHSKSHHSHARSHRRKRSRSVEDDEEGHLICQSGDVLSARYEIVSILGEGAFGKVVECLDHKVGGRHVAVKIVKNVDRYSEAARSEIEVLQHLNATDPHSTFCCVQMLEWFEHYGHVCIVFELLGLSTYDFIKENSFLPFSLDHIRKMAYQICKSVNFLHSNKLTHTDLKPENILFVKSDYTESYNSKLKRDERTLKNPDIKVVDFGSATYDHEHHSTLVSTRHYRAPEVILALGWSQPCDVWSIGCILIEYYLGFTIFPTHDSKEHLAMMEKILGPLPVHMVQKTRKRKYFHHDQLDWDEHSSAGRYVSRRCKPLKEFMQCHDADHENLFNLIQKMLEYDPAKRITLAEALEHPFFSSLNKKNTVL
Anolis carolinensis;CLK2;XP_016853035.1;MPHSRRFRSSERSSRGSYYERYRSRKHKRRRSRSRSSSSERRHRREDSYHVRSRSYDDHSSDRRAYDRRYCDGYRREGYSRDRGDAYYEAEYHHSYEYQRSHDDSYRSCKSSRRKRRRRRRHSRSFSQSSSSQPSGRRAKSVEDDDEGHLIYRIGDWLQERYEIISTLGEGTFGRVVQCVDHRRGNTRVALKIIKNVEKYKEAARLEINVLEKINEKDPENKNLCVQMYDWFDYHGHMCISFELLGLSTFDFLKDNNYLPYPLHQIRHMAYQVCQAVKFLHENKLTHTDLKPENILFVNSDYEMTYNLEKKRDERSVKNTAVRVVDFGSATFDHEHHSTIVSTRHYRAPEVILELGWAQPCDVWSTGCILFEYYMGFTLFQTHDNREHLAMMERILGPIPSRMTRKTRKQKYFYHGRLDWDENTSAGRYVRENCKPLQRYLASEAEEHHQLFDLIEGMLEYEPSKRLTLAEALKHPFFDPLKPPHPPGPKPWDASRDISR
Anolis carolinensis;CLK3;XP_016853666.1;MHHCKRYRSPEPEPYMSHRWKRRRSRSREHYEGRTRYPIRRDLSRRSRSRSQDRMPYQRGYRDRTESDVYRFEEQSPSFGEDYYSARRSRHHRRSRERERHRTRKHQHRCRKRRTRSCSSTSSRSQQSNKRSRSVEDDKEGHLVCRIGDWLQERYEIVGSLGEGTFGKVVECVDHARGNSLVALKIIRNVGKYREAARLEINVLKKIKEKDKENKHLCVLMSDWFNFHGHMCIAFELLGKNTFEFLKENNFQPYPLAQIRHMAFQLCHALKFLHDNQLTHTDLKPENILFVNSEFDTLYNEKKATEQGWNMSSLLQSCEEKSIRNTWIRVADFGSATFDHEHHTTIVATRHYRPPEVILELGWAQPCDVWSIGCILFEYYRGFTLFQTHENREHLVMMEKILGSIPQHMVRKTRKQKYFHKGSLVWDENTSDGRYVQENCKPLQTYMLQESTEHMQLFHLMRQMLAFDPAQRITFAEALMHPFFAGLSPEERRLSCRDSSRDLSR
Anolis carolinensis;CLK4;XP_003217517.1;MMHSELSHCSEKNNRRNSNEEKSTNSHKRKRQSHSSERHDKHYKSLKSADRYFSDRSSHRRDHHDRRYVEEYRNDFNDTDDQKPYNRDYEKSHCHHYSKSHQNSKSHKRKHKKHDSTYSSHLKSHRRKRSRSVEDDEEGHLVCQNGDVLRARYEIIATLGEGAFGKVVECIDHHMRAVHVAIKIVKNVGRYREAARSEIQVLEHLNTLDPSSTFRCVQMLEWFEHHGHMCIVFELLGLSTYDFIKENSFLPFPIELIRKMAYQICQSINFLHHNKLTHTDLKPENILFVESDYIVKYNSQMRRDERTLKNTDIKVVDFGSATYDNEHHSTLVSTRHYRAPEVILALGWSQPCDVWSIGCILIEYYLGFTVFQTHDSKEHLAMMQRILGPLPVHMIKKSRKRYFHKNELDWDEHSHAARYVRKRCKPLKEFMHCHDKDHENLFDLLRKMLEYDPVKRITLDEALEHPFFDPLKERELS
Geotrypetes seraphini;CLK2;XP_033780273.1;MPHSRRYRSSERGSRGSYHEHYRNRKHKRRRSRSRSSSSDRDRDRRHRHEDSYHIRSRSCDGHSSDRRARDRRFCDGYRRDEYSRNQGDAYYEAEHRRGRDDSYRSCKSSRRKHRRRRQRTRSFSLSSSRSRQSSRRVKSVEDDEEGHLVYHIGDCLQERYEIVSTLGEGTFGRVVQCIDHRRSGARVALKIIKNVEKYKEAARLEINVLEKINEKDPDNKHLCVKMFDWFDYHGHMCISFELLGLSTFDFLKDNNYLPYPLHQVRHMAYQLCQAVKFLHDNKLTHTDLKPENILFVSADYQLTYSMEKKKDERNVKNTAVRVVDFGSATFDHEHHSTIVSTRHYRAPEVILELGWAQPCDVWSIGCIVFEYYVGFTLFQTHDNREHLAMMERILGPIPSRMIRKTRKQKYFYHCRLDWDENTSAGRYVRENCKPLRRYLMSEAEEHHQLFDLIEGMLEYEPSRRITLAESLKHPFFDSLKMESSTKIWDGNRDISR
Geotrypetes seraphini;CLK3;XP_033775798.1;MKRFSRRRGVAGLEAECSGMYHCKSYWSPEQESYKNHTWKRRKRSHSRDQERKHRHQPYWESPKRSRSRSHDRGSYHRKHNEKHPNERKKSEDFCPCYSDSSSYSSHSHHPQRSRDREHRRRKKRREHRCRKRKTRSCSSSSSRSRQSSKRERIAEDDKDGHLVCRTGDWLQDRYEIVGHLGEGTFGKVVECVDHARGKTQVALKIIRNVGKYREAAKLEINVLKKIKEKDKENKFMCVLMSDWFNFHGHMCIAFELLGKNTFEFLKDNNFLPYPLPHVRHMAYQLCHALKFLHENHLTHTDLKPENILFVNSDFNMSYNERKKCEEKSVRNSSIRVADFGSATFDHEHHTTIVATRHYRPPEVILELGWAQPCDVWSIGCILFEYYRGFTLFQTHDNREHLAMMEKFLGPVPTSMIQKTRKQKYFHKGTLIWDENTSDGKYVTENCKPLESYMLHSATEHIQLFSLMRRMLEYEPSVRITLKEAVAHPFFNGLSQEERTLFNRSSSRDLSR
Geotrypetes seraphini;CLK4;XP_033783481.1;MRHSKRTHFPDVEDRDSWDHKKYSSNHKRKRRSHSSARENKYCKHSHHSKLSDGHYLEDRSMIERDDHNRRYIEYRNNKYNKDSVKSHHSHCSKSSGHSGSSHKKRHKKQTHSHSSHKTDTKSHRRKRSRSVEDDEEGHLICQSGDVLRARYEIVHTLGEGAFGKVVECIDHLGNDARVAVKIIKNVERYREAAKSEIAVLEHINTKDPKSKHLCVQMLEWFDHRGHVCIVFELLGLSTYDFIKENSFLPFKMDQIRHIAFQICKSINFLHQNKLTHTDLKPENILFVNSDYTVDYNLKKKRDERTLTYSDIKIVDFGSATYDDEHHSALVSTRHYRAPEVILELGWAQPCDVWSIGCIIIEYYHGLTIFQTHDSKEHLAMMERILGPIPVHMVHKTRKQKYFHHDQLDWDEHTTAGRYVKKRCKPLKDFMWCNDQEHEQLFDLIRRMLEYDPEKRITLAEALQHPFFDKLKKK
Xenopus tropicalis;CLK2;Uniprot:Q5M7P2;MPHSRRYRSSERGSRGSYHERYRSRKHRRRRSRSRSSSSDRGRDRRHKHGDSYHERSRSYEERSSNRRAYDRRYCDGYRRNEYSRDRGDVYYEADYRHSYEYKHSREDSYRSCKSARRKQKRRKRRTRSYSQSSSRSRQSSRRAKSVEDDVEGHLIYHSGDWLQERYEIVSTLGEGTFGRVVQCVDHRRGGARVALKIIKNVEKYKEAARLEINVLEKINEKDPENKHLCVQMYDWFDYHGHMCISFELLGLSTFDFLKENNYFPYPIHQVRHMALQVCQAVKFLHDNKLTHTDLKPENILFVSSDYELTYNMEKRDERCVKNTDIRVVDFGSATFDHEHHSTIVSTRHYRAPEVILELGWNQPCDVWSVGCIIFEYYVGFTLFQTHDNREHLAMMERILGPVPSRMVRKTRKQKYFYHGRLDWDDNTSAGRYVRENCKPLRRYMMMETEEHHQLFSLIEGMLEYEPSKRMTLAAALKHPFFSPFKGEPALKHWDTGRDISR
Xenopus tropicalis;CLK3;Uniprot:A0A6I8RSR3;MFYCFFFSRPMVWRSKLWKDPLSGIPLVPSILDNWSYTCTYLYSAACIMILILKAFCLLNSWKRDTFFDRCKRTHSSEIRFSQGHSTSSHSKSYSYSTRSPARPHSRDRTKTKAEKQPHKISHKHSTRSGSYSSSKSQRSTKDSQNVENDKEGHLVCRTGERIQERYEIVGDLGKGTFGKVVECLDLARGNSRVALKIIRNVRKYREAAQLEINVLEKIKERDQDNKNMCVLMRDWFDFHGHVCIAFELLGKSTFEFQKENNFLPYPLAHIRHMAFQLCQALKFLHENQLTHTDLKPENILFVNSEYDICYNESKKCEEKCVKNPSIRIVDFGSATFDHEYHTTIVATRHYRPPEVILELGWSQPCDVWSLGCILFEYYTGFTLFQTHDNREHLVMMEKILGPLPRRMVYKTRKQKYFHNGSLIWDENSSDGRYVSKNCHQLMSYKSSDSAEHVQLFDLLSRMLEFRPALRITLQEALEHQFFTCLKPEENALGNRISRDLSR
Xenopus tropicalis;CLK4 (mislabelled as CLK1);Uniprot:A0A6I8SV34;MQFEAASTQLVLRLEMHYSKRSRRPDEDEKEWYFSKCHKRKRSQSSDEEKERHKKISSSDSHYVEDKSMCSRGQHDRRYVELRNNYKGGHHEHRHHYRSSKSSGQSSSSSSSHKKRHKKPHHSSRTSHLKSHRKKRSRSVEVDEEGHLICESGDVLRERYEIVHALGEGAFGKVLECIDHLRGGERVAVKIIKNVERYREAAQSEIQVLEHLNRKDPINTFRCVQMLEWFDHHGHICIVFELLGLSTYDFIKENSFLPFPLDHIRNMAYQICKSINFLHQNQLTHTDLKPENILFVHSDYVVHFNHAKKQDERYLKNSDIKIVDFGSATYNDEYHSALVSTRHYRAPEVILELGWSQPCDVWSIGCILIEYYLGLTVFQTHDSKEHLAMMERILGPLPLHMIKKTRKHKYFYLDRLDWDEHSSAGRYVKKRCKPLKEYIVSDNKDHHQLFDLIQRMLEYDPAKRITLEEALKHPFFVVQF
Protopterus annectens;CLK2;XP_043936143.1;MPHSRRRYSSDRGSKGSYRNRKQRRRRSRSRSSSSERSRRNKHEDSYCIRSRSYDNQSRNRRGYERRYCDHLRRNLYSRGRGDAHYDTDYHHSYDYRRSRDRDESYRSRKGSRCKHRRQRRRTRSFSSSSSQRSRQSSKRVKNVEDDDEGHLIYRIGDWLQERYEIVGNLGEGTFGRVVQCIDHRRSGMRIALKIIKNVEKYREAARLEINVLEKLLSKDQENRSLCVKMFDWFDFHGHMCISFELLGLSTFDFLKENNYLPYSVCQVRHMAYQICQAVKFLHDNKLTHTDLKPENILFVNSDFEITYNLEKKQDERTIKNTALRVVDFGSATFDHEHHSTIVSTRHYRAPEVILELNWSQPCDVWSIGCIIFEYYVGFTLFQTHDNREHLAMMERTLGPIPTRLIRKTRKQKYFYRGHLDWDESTSSGRYVRENCKPLQRYMLHDTGDHHQLFDLLERMLEYEPSKRITLQEAIKHPFFNLLRVEQCLRSWDCSRDISR
Protopterus annectens;CLK3;XP_043933136.1;MNPLIRRRDIGAQELQATFVSCYSSYMHHLKRYRSPERDGGYGYSIHRRKRRRSPSSERDRRYRNDDYWDRPRRTRSRSRSRRSRSRSTERNSYHPNYEFHHMDGYRNDRDYGHRCYKDDYSPSRSLERKRTWKRESYRSRRRTRRRRQHRTRSCSRSSSRSRQSSKRAKSVEDDKEGHLMYQLGDWLQERYEIVGNLGEGTFGKVVECVDHCRSNSRVALKIIKNVEKYREAARLEINVLEKINKKDRDTKCLCVLMSDWFDYHGHMCIAFELLGKSTFDFLKDNNYMPYPVRHVRHMAFQLCHALKFLHDSHLTHTDLKPENILFVNSDFDMMYNVDKKCNEKLLKDSSIRVIDFGSATFDYEHHTTIVATRHYRPPEVILELGWSQPCDVWSIGCILFEYYRGFTLFQTHDNREHLAMMERILGPLPAYMVRKTRKQKYFHRGALRWDEDTVDGRYVAENCKSLESYMLLGSEEHKLLFDLLRRMLAYEPSRRITLSEALKHPFFSALTPEEQMVCKRDSSRDLSR
Protopterus annectens;CLK4;XP_043924890.1;MLGFYAGRAVVYRVHYWGSTDYRVAVFAMQFLCMKCVFFFYIFSVNGCRIASSVLILTLPDFSEKNLTENLFLAMFFLICPVNFWGMNLNLVLPTFVAWRVSECLNIALLNEWRVLPLNSHWFFDCWMMLVPPCYRFQRNHYKKRAGSVDDDEGHLVYQSGDVLKARYEIVCTLGEGAFGKVAECIDHANGGARVAVKIIKNVDRYREAAYSEVKVLEHVNRMDPSNKLCVHMVEWFDHHGHVCIVFELLGLSTYDFIKENNFMPLNLHHIKHIAYQICSAIALLHRNKLTHTDLKPENILFVNSDYTVEYNPKAKRDERTLKDTSVKVVDFGSATYDDEYHSSLVSTRHYRAPEVILAIGWSQPCDVWSIGCILIEYYLGLTLFQTHDSKEHLAMMERILGPLPSDMISESRKPKYFKHGKLNWDEHSSSGRYVRKRCKPLKHYMMSHDPEHMKFFDLIQKMLEYDSSNRITLEEALKHPFFDSLQKTEKLHSEL
Latimeria chalumnae;CLK2;XP_006001705.1;MPHSRRYRSSEQGSRGSYHERYRSRKHRRRRSRSQSSSSERDRRHRHEDSYHVRSRSYDNSSPDRRVYADRRYCDNYRRNDYSRDRGDGYYETEYHRSYEYRRSRDRDDSYRSHKSSRRKHKRRRRRTRSYSRSSSRSRQSSRRAKSVEDDDEGHLIYRIGDWLQERYEIVNSLGEGTFGRVVQCIDHRRGGARVALKIIKNVEKYKEAARLEINVLEKICERDPENKNLCVKMFDWFDYHGHMCISFELLGLSTFDFLKENNYLPYPINQVRQMAYQLCQAVKFLHDNKLSHTDLKPENILFVNSDYEITYNLEKKRDERTVKNTAVRVVDFGSATFDHEHHSTIVSTRHYRAPEVILELGWAQPCDVWSIGCILFEYYLGFTLFQTHDNREHLAMMERILGPVPSRMIRKTRKQKYFYHGRLDWDENTSAGRYVRENCKPLRRYLLSEAEEHHQLFDLIEGMLEYEPAKRVSLAESLKHPFFDLLKTEPSTKPGWGSSRDISR
Latimeria chalumnae;CLK3;XP_005994150.1;MYHTKQYPPPEQDGYYGYGCYKRRRRSISIDRYRRHGDDVYWDKLRRSRSRSQDRISKRRRYEDLHFAASSRYEYDRDCGDRYYKGDYCSPRSRDQRNRRREDGHRCKKQSRNYRRQCRTRSGSRSSSRSRPSSKRAKSVEDDKEGHLVYRIGDWLQGRCTANFHEIAGDLGEGTFGKVVECIDHCSSKSRVALKIIKNVEKYREAARLEINVLEKIQEKDRDDKFLCVQMSDWFDYHGHMCITFELLGKSTFDFLKDNNYLPFPIHHIRHIAYQLCCGLKFLHDNKLTHTDLKPENILFVNSDFDMSYNAEKKCNERFVRNTDVRIVDFGSATFDYEYHTTIVATRHYRPPEVILELGWSQPCDVWSIGCILFEYYLGFTLFQTHDNREHLAMMEKILGPIPPHMMQSTRKQKYFYRGNLMWDENTSDGRYVKENCKPLRGYMILDSVEHRQLFDLMRQMLEYDPIKRITFKEALKHPFFITLTPEERMLCKRDSTRDLSR
Latimeria chalumnae;CLK4;XP_014346115.1;MRQSKRMRSPDWGDEVSWDLKFHNHKRKKRSHSSEREDKPRKHHIKIVDCHYLDARSLKEHAAYHDSWYDRDDAREEYKSVQNHKDSSYRNHYSKSSGRSSRHRRKHRKHHSYSSHSSHSRNHRRKRSRSVEDDEEGHLIYQSGDVLRARYEIVCTLGEGAFGKVVECTDHKREDARVAIKIIKNVDRYREAAFSEVKVLEQINSLDTSHMCCVKMFEWFEVHGHVCIVFEMLGLSTYDFLKENNFMPFQLQHIRHMAYQICSAVNILHQHKLTHTDLKPENILFVNPDYIVEYNPKMKRDDRTLKNTDIKVIDFGSATYDDEHHSKVISTRHYRAPEVILELVWSQACDVWSIGCILIEYYNGLTLFQTHDSKEHLAMMERILGPLPTHMIQKTRRRKYFHHDRLDWDEHSSAGRYVRKHCKPLKQYMVCQDAEHEKLFDLIGQMLEFDPAKRITLDEALQHPFFDLLPKNLKL
Danio rerio;CLK2a;Uniprot:B7ZVF9;MPHSRRYPSSERASRSSYQDRYRERDRDRDRGRKPRHRRSPTYSSSSERERRARGHRQDTGYARSRSYDNRSSDRRPYDRHYGESYRRLDHSRERDRDQNRDHRTPSNYYSRDASPSYDFRRGRDRDREDSYRRKGSRRKHKRRRRRTRSYSASSSQRSDSGTRALCVRDDEEGHLICRSGDVLQERYEIVSTLGEGTFGRVMQCIDHRRGGAHVALKIIKNVEKYKEAARLEINVLERINEKDPENNNLCVQMFDWFDYHGHMCISFELLALSTFDFLKENNYLPYSINQVRHMAYQVCLAVKFLHENKLTHTDLKPENILFVNSDYTVTYNVEKKRDERTVKNTAVRVVDFGSATFDHEHHSTIVSTRHYRAPEVILELGWSQPCDVWSIGSILFEYYLGFTLFQTHDNREHLAMMERILGPVPSRMIRKTRKQKYFYRGRLDWDENSSAGRYVRENCKPLRRYLLSEAEEHHQLFDLIEAMLEYEPSKRLTLAAALRHPFFQSGISSSELSAGKSWEANRDISR
Danio rerio;CLK2b;Uniprot:Q08C37;MPHSRRYPSSERTRSRSRSRHMRYERHRRRRRSRTRSRSRSISSRSRRRHRERRHRDSSSRRSSYQQPSGERRRSSRRYCRDEREEFDRDYTFTDGYFRHTRSRDHRTERDSGRRRRRRRTRTRTRSRTRSYSQSRSISSKAWAVKDDEEGHLIYRAGDVLQDRYEITQTLGEGTFGKVVECVDHQRGGSRIALKIIKNVEKYKEAARLEINVLEKINQRDPENKNLCVQMLDWFDYHGHMCLSFELLGLSTFDFMKENNYLPYSISQVRHMAYQICLAVKFLHDNKLTHTDLKPENILFVSSDYSVLYNAEKKRDERSVNSTAVRIVDFGSATFDHEHHSSIVSTRHYRAPEVILELGWSQPCDVWSIGCILFEFYCGYTLYQTHDNREHLAMMERIHGPVPSRMIRKTRKQKYFYRGRLDWDESTSAGRYVRENCRPLRRYMLCESEDHHQFFDLLEGLLEYEPEQRLSLSAALRHPFFSLLRDTEHFSGGRDISR
Danio rerio;CLK4a;Uniprot:E7F7P1;MRQTQRERSPWLRELSLEDRIMETRKRHRRDSHSSERENKYRKHHHHYKNSDGHCLEKRSSNERLDTSEKHAVFRDHEHNGYAACKDKERNRDRSRSRERHRERERDRDWHHYSKSSGNSMRSSRHRHRHRHRRSHPHSDSRSHRRKRSRSVEDDEEGHLVYHSGDMLRARYEIVCTLGEGAFGKVVECIDHEKVGARIALKIIKNIERYRDAALSEVEVLEQINSLDCDRRYACVRMYDWFDHHGHICIAFELLGLSTYDFLKENNFQPFYINHIRHMAYQIIRAVRFLHKNKLTHTDLKPENILFVNSEYNIRYNSKMKRDERTVKNPDVKVVDFGNATYEHEHHTSVVSTRHYRAPEVILDLGWSHSCDVWSVGCILIEYYLGSTLFQTHDSKEHLAMMERVLGPIPTHMLQKTRKSRFVRNDKLDWDIHSSSGRYVRKQCKPLRQYLVSSSSDHEQLFDLIERMLEYDVTKRITLDEAIKHPFFNSIRKSKK
Danio rerio;CLK4b;Uniprot:F1QG08;MRRSKRMRSPDGWIAEYSWEERVEVHKRPKHRSRSGERERQPGQTHHYKTYERCHISSKRLECRERRAREASLEHSRYKGRVDPVRETEREKDGYHYSQSRSGRSRRSSRARQHSHHRSPGSDSRSHRRKRTKSIEDDEEGHLVYHNGDMLRARYEIVGTLGEGAFGKVVECLDHTKGNVRVALKIIKNIERYREAALSEVDVLERINSLDDEKRFACVRMLDWFDHHGHICIVFELLGLSTYDFLKENGFMPFSLTQIRHMADQIFRAVRFLHKNKLTHTDLKPENILFVDSNYDIKYNSRMKRDERTLKRLDVKVVDFGNATYDHEHHTSVVSTRHYRAPEVILELGWNQACDVWSLGCILVEFYLGLTLFQTHDSKEHLAMMEKVLGPIPTHLLQKTKKRRYVHHDKLDWDEHSSAGRYVRKHCKPLKQYMSSKTPEHELLFDLLQKMMEYDSSKRITLEQAIGHPFFNPLRKARK
Amia calva;CLK2;MBN3301430.1;MFIQASAPLVDPKKLRPATGSEPMPDDLRRILFPGVNLQKGVHPKKVQNRGVAVWGDYSKMYVAVHKNINGFRCRPSELMLGSCAVSKTTEHYYYFIYGLNECGNNRSIINGRLVYSNTLRYSPPTSSHPVIRGVSFTVPIQLVYNRFHYSYKIGYQPTFPQHGSTLPGMDKSAFFRELKNRHGYILVTTNEQWIRLSPKNIYYLGQPMYFQATGYFATEGQRLFIQSCYATASPDRHSKPRFTVIDNFGCLVDSKADGCQSRFVPYTRKDVLRFTIDAFLFQKTLSEHGMTELYMHCTMTVAEHVTPGAKSCTYNRKAKSYENRSADRRAYDRRYCEGYRRLDYSRERERERDRDRGGGEGYYEAAYPAHQRSYDYRRDREDSYRSHNSSRSVGCESVCVRACPVPCPSHPPVSLFLVPPPADEIVNTLGEGTFGRVVQCIDHRRGGSRVALKIIKNVEKYKEAARLEINVLERINEKDPDNKHLCVQMFDWFDYHGHMCISFELLALSTFDFLKENNYLPYSISEVRHMGYQLCQAVKFLHDNKLTHTDLKPENILFVNSDFSMTYNVEKKRDERAVKSTAVRVVDFGSATFDHEHHSTIVSTRHYRAPEVILELGWSQPCDVWSIGCILFEYYLGFTLFQTHDNREHLAMMERILGPIPSRMIRKTRKQKYFYHGRLDWDDGSSAGRYVRENCKPLRRYMLSESEEHHLLFDLIESMLEYEPAKRLSLGEALRHPFFSPLRLGGDCGGGKSWEGNRDISR
Amia calva;CLK4 (mislabelled as CLK1);MBN3297369.1;MRQSKRSRSPIGWIREDSWAEKYGGRKRRKRSHSSERENRPRKTYHPHKISDGHYLETKTLNEKLDCKDRTAHEHSDEYSSGFESVRCRDRDWHHYSKSSGVSGRSRRSSRPRHRQRRRESHSAYRSYSRSHRRKRSRSFEDDEEGHLIYHSGDVLRARYEIVCTLGEGAFGKVVECIDHEKSGARVALKIIKNIDRYREAAVSEVEVLEQMNSLDCDRKQACVRMLDWFDHHGHICIVFELLGLSTYDFLKENGFMPFPLDQIRKMAYQIFKALHFLHRNKLTHTDLKPENILFVNSDYYMEYNPKMKRDERTLKNPDVKIVDFGNATYDHEHHTSVVSTRHYRAPEVILELGWNQACDVWSLGCILIEYYLGLTLFQTHDSKEHLAMMERVLGPIPTSMMQKTRKRRYVHRDHLDWDEHSSAGRYVRKHCRPLKQYMASKSSEHEQLFDLIRKMLDYDSSKRITMEQALKHPFFDPIRKGAKKQ
Erpetoichthys calabaricus;CLK2;XP_028650921.2;MPHSRRYRSSDRGSHSSYQDRYRGRKHRRRHSRSRSSSSERERRGRKPEDNFHLRSRSYDNHSMDCRAYDRRYCEGYRRLDYSRDHVADGYYETDYSSHHRSYEYRRSRDREDTYRSRKSSRRKHKRRRRRTRSYSASSSRSGNSSGGRTRAKSVRDDEEGHLVYRPGDCLQERYEIVSTLGEGTFGRVVECLDHQRGASRVALKIIKNVEKYKEAARLEINVLEKINERDPDNKHLCVQMFDWFDYHGHMCISFELLALSTFDFLKENNYVPYSIFQVRHMAYQICQAVKFLHDNKLTHTDLKPENILFVNSDYTISYNAEKKRDERTVKNTSVRVVDFGSATFDHEHHSTIVSTRHYRAPEVILELGWHQACDVWSIGCIIFEYYLGFTLFQTHDNREHLAMMERILGPVPSRMIRKTRKQKYFYHGRLDWDESSSAGRYVRENCKPLRRYMLCEAEEHHQLFDVIESMLEYEPSKRVTLSECLKHSYFMPLRNSSEQQGCSSGKNWEGNRDISR
Erpetoichthys calabaricus;CLK4 (mislabelled as CLK1);XP_028668945.1;MLNDQMDCREKRRAHEYSAYSSGYENGHPKDQDWHHYSKSSGRSGRSGKSRRTSRHRRQHRRQSHDSRRSRSRSPRRKRSRSVEDDEEGHLIYHSGDMLRARYEIVCTLGEGAFGKVVECIDHNKGGARVALKIIKNVDRYRDAARSEVEVLEKITALDPERKHCCVRMLDWFDFHGHVCIAFELLGLSTYDFLKENGFMPFPLDQIRIMAYQIIKSVNFLHQNKLTHTDLKPENILFVNSDYIMEYNAKMKRDERTLRNPEIKIVDFGNATYDHEHHSSVVSTRHYRAPEVILDLGWTQSCDVWSLGCILIEYYLGLTLFQTHDSKEHLAMMERVLGPIPKQMLQKTKKRKYVHKDQLDWDEHSSAGRYVRKHCRPLKNYMSSKNHDHDQLFNLIRKMLEYDPEKRITLADALKHPFFDLLKRR
Rhincodon typus;CLK2;NCBI:XP_020380535.1;MPRLRRYRSSDRESRDSFHERYRRSRRGRRRSRSRSRSSDRDRQHRNESYIRSRSIEHCSCDRRLYNERRYCDAYRGHYSRDQGDGYHETDYCSRNSYDYRRSQERDRSYRSRKSSRRKHKRRRRRSRSYSRSSSRSHQSSRRAKSVEDDNEGHLIYRNGDWLQERYEIVNTLGEGTFGKVVQCIDHRRGGSRVALKIIKNVEKYREAARLEINVLEKINEKDPDNKFQCVQMFDWFDYHGHICISFELLGQSTFDFLKDNNYTPYPIYQVRHMALQTCHAVNFLHDNKLTHTDLKPENILFVNSDYEVVCNVEKKREERVVKNTATRVVDFGSATFDHEHHSTIVSTRHYRAPEVILELGWSQPCDVWSIGCIIFEYYLGFTLFQTHDNREHLAMMERILGPIPARMIRKTRKQKYFYRGRLDWDESSSAGRYVRDNCKPLKRYMIAENEEHCQLFDLIERMLEYEPSKRITLAECLQHPFFDCLKTEQKNTKGWDSNRDISR
Rhincodon typus;CLK4;NCBI:XP_020381362.1;MPHLKSTRSCDWSSGESWDHRDYYSSHKRKKRSHSSERENKRRRRHHHSKPSESHYLETKSVNEHMDCHDGKHEYRDGYKMEYRNGCHNRECRHQRNYYSHQNYSKSGKPDSGRSQKSSRERHRPKKHHSGSSNHSHSKSHRQRRTKNVEDDEEGHLVYHTGDKLKARYEIICSLGEGAFGKVVECFDLKKGEYIAMKIIKNITRYREAARSEVRVLEELNNKGANAYGCVQILDWFDHHGHICIGFELLGLSTYDFLKENNFMPFPMHHIRHMAYQICQALNFLHQNKLTHTDLKPENILFVNSEYSIEYNSKTKHDDRTLLNADIRIVDLGSATFDDEHHSTVVSTRHYRAPEVILELGWSHPCDVWSIGCILIEYYLGLTLFQTHDSREHLAMMERVLGPIPTSMINRTRKCKYFHHERLDWDENSSAGRYVRKRCKPLKEYMTSQISEHQELFDLIEKMMTYEPSKRIRLDQALQHPFFSQ
Leucoraja erinacea;CLK2;XP_055487125.1;MPRLRRYRSSDRESRESYHDRYRRSRRGRRRSRSRSSDRDRRHRNESYMRSRSIGNCSCDRRLYNERRYCDAYRGNYSRDQGDGYHPPEYCARNSYDYRRSHERGRSYRSRKSSRRKHKRRRHRSRSYSRSSSRSHQSSRRAKSVEDDNEGHLIYRTGDWLQERYEIVSTLGEGTFGKVIECIDHRRGSSRVALKIIKNVEKYREAARLEINVLEKINVQDPENKFQCVQMFDWFDYHGHICISFELLGQSTFDFLKDNNYAPYPIHQVRHMAFQTCHAVNFLHENKLTHTDLKPENILFVNSDSEVVGNMEKKREERVVKNTATRVVDFGSATFDHEHHSTIVSTRHYRAPEVILELGWSQPCDVWSIGCIVFEYYLGFTLFQPIPFRLQTHDNREHLAMMERILGPIPARMIRKTRKQKYFFHGRLDWDDNSSAGRYGRENCKPLKRYMITDTEEHCQLFGLIERMLDYEPSKRITLADALRHPFFDLLKAEPKSTKPWDSSRDISR
Leucoraja erinacea;CLK4;XP_055499115.1;MPHLKCTRSSEWSGGESWDHRDYYIGHKRRKRSHSSERENRRRKRHRPSDNFSYSYYLETKSVNEHMDNHDGKHECSDGYKMEYRNGCHNRECRHQRYCYSHQNYSKSGKPDSGRSEKSSREKHRPIKHHSGSSNHSHSKSHRQRRSKNVEDDEEGHLVYHTGDKLKARYEIICNLGEGAFGKVVECFDLKKGVYVALKIIKNITRYREAARSEVRVLEEVRNKGAGTYGCVQVLDWFDHHGHICIGFELLGLSTYDFLKENNFMPFPMHHIKHMGYQICHALNFLHQNKLTHTDLKPENILFVNSDYHIEYNSKTKHDDRTVINPDIKVVDLGSATFDDEHHSTVVSTRHYRAPEVILELGWSHPCDVWSIGCILIEYYLGLTLFQTHDSREHLAMMERVIGPIPAGMISSTRKSKYFHHEQLDWDENSSAGRYVRKRCKPLKEYMSSKISEHQQLFDLIEKMMTYEPSKRIRLDQALQHPFFSH
Petromyzon marinus;CLK2.1;NCBI:XP_032809804.1;MPHPKRFRSSDRDSRDSYRYRDDYSSRKRHRKKSSSREHSPRRNRHDSCYTKSQRSFSYVRSCEQRMYDDRYYADYRGDYVRDRGDGFYEEAFNLPPQSFDYRHRSRDYDHDESYRSSRRRLRRRRHRTRSYSRSSSRSKQSTRRAKSVEDDEDGHLIYRIGDWLQARYEIISTLGEGTFGKVVHCIDHDRGKAKIALKIIKNVDKYREAARLEINVLEKINEKDPRNKYLCVQMYDWFDYHGHMCIAFELLGLSTFDFLKENNYLPYPLHQVRLMAYQLCYAIKFLHDNKLTHTDLKPENILFVDSEYDIKYNPQKKRDERTVRNADIRVVDFGSATFDYEHHSTIVSTRHYRAPEVLLELGWSQPCDVWSIGCIVFEFYLGFTLFQTHDNREHLAMMERTLGLIPSRMVRRTRKQKYFHHGHLDWDESSSAGKYVRENCKPLRRYVVCDDAQHHQLFDLIEKMLQYEPSKRITLGEALKHPFFDLLAQDQRSAVRRDTPRDLSR
Petromyzon marinus;CLK2.2;NCBI:XP_032824788.1;MADTVTMADTMPCPKQQRRRHHRSSERDSCRFEVSSPSRRNRRRLDVDERLVRARHRDSYQTRSRLSYSSERLCRAYDAPEPRRRREERAAAAGAFCCERSKRPCCSRCSRSRWHSRSRRRTRSRRRSRRCHAREGSCSPGSYERRQKKRRRRQQRSRNRSASRSKERHQRRAKIVQDDSDGHLIYRIGDWLQARYEVISTLGEGTFGKVVRCADHLGGKSEVAVKIIKNVDKYREAAKLEINVLEKINEKHCDGKQLCVQMYDWFDYHGHICIVFQLLGLSTFDFLRDNLYLPFPLHQVRHMAHQLCRAVKFLHDNKLTHTDLKPENILFVNSDFHVKYNSYKRRDERTVKDPTLQVVDFGSATFDHEYHSTTVSTRHYRSPEVILELGWSHPCDVWSLGCIFFEYYTGYTLFQTHDNMEHLAMMERILGRIPSDMIRATRKQKYFRHRRLDWDEDGMAGRFLRQNCKPLKRCMLASSQEHLQLLDLLQRMLEYEPSRRITLAQALRHPFFSGMDPYFPPSACDLSAGVGARDLSR
Ciona intestinalis;CLK2 ;XP_002122993.1;MTVTRMGKTSRRYRSRENDENYKYGQKRRRVEKYDDYYEDTYGPKRCNDSYSCEKHSYSSQSGKHYQSSYNDGYYSRDSSRTLNSRQKNEDSRDRHDYSGSSRRRRSRHRKHKSRSSHSRDRHRNKNGGRAKSVEDDEEGHLIYRHGDCLQARYEILSTLGEGTFGKVLLCLDHQRGGKKVALKVIKNIEKYRDAAFLEINVLKKLQEKDPVGKYLCVTMLDWFNYHGHICLAFELLGLSTYDFQKDNHYIPYPLDQVRHMAFQLVWAVKFLHDNHITHTDLKPENILFRDSLCELRYNPSKRRDERQLVSSDIRLIDFGSATFDNEHHSTVVSTRHYRAPEVVLELGWNQSCDVWSIGCIIFEFYMGITMFQTHDNREHLAMMERILGPIPSRMIKKSRKQKYFYHNRLDWDEHSSGGKYVRENCKPIMRYIQRKDHPEHMKLIDLIARMLEYDPTKRISLAEAINHSFFDELPHEKRFPNNHTNQSSYETNTRCLRSAGR
Branchiostoma floridae;CLK2 ;XP_035658860.1;MTSRRMKGPRSVAATDFLWDTVSGVLAKTMPRSYRRHRSRSSPGYTRRKRRRESSTPPSREYYDNFYSRRHSRSPVYHSKGRDRWAPERDFYQAGSQYENRTEYFCDNSRYSNFDSFEENSRYKDDSYYRHSSTGHHSSHHSHRRHRKRRKRHHHSRSQSHSDSRDRHERKRGKSVQDDEEGHLIYHHGDWLQARYEIVSTLGEGTFGKVVECVDHQRGRKSIALKIIKNIEKYREAAKLEINVLEKLADKDPSNKFLCVQMLDWFDYHGHMCISFDMLGLSVFDFLKENSYMPYPLHQVRHIAYQMCYAVKFLHDNKITHTDLKPENVLFVDSSYDMFYNTEKKRDERYVKNTDIRLIDFGSATFDWEHHSTIVSTRHYRAPEVILELGWAQPCDVWSIGAIIFELYLGFTMYQTHDNREHLAMMERILGPMPSKLIKKTRKQKYFYKSRLDWDESSSAGRYVRENCKPLRRYMLVNDKEHEELFDLISQMLTYDPSKRITLSEALSHPFFALLPPEQRLGRREHSHSLSR
Saccoglossus kowalevskii;CLK2;XP_002738423.1;MPRSYHRYKSRSRSLRSSHHRHKRRRRSSSSGRRYEDKYYESPGSDYRRERSLSPERQIFRDNHYNDRSESGYYENYSRHYYHEEKDKYKSKDENYQSSYRKHKHKRRKHHSHSCSSTRSNKDQQRSPSVEDDEDGHLIYHQGDWLQARYEVVGTLGEGTFGKVVKCKDHQTGQSVALKIIKNKEKYREAAKLEINVLRKINERDPSGEHLCVKMFDWFDYHGHMCVSFEILGLSVFDFLKENNYIPYSLDEVRHMAYQMCDSVLFLHDQKLTHTDLKPENVLFVNSDYSIKYNPEKRQDERTIKCTDVRLIDFGSATFDWEHHSTIVSTRHYRAPEVILELGWNQRCDIWSIGCIMFELYLGITLFQTHDNREHLAMMETILGPIPSKLIRKSRKTKYFYHGKLDWDEKSSAGRYVRENCKSLKKYMTSNDEDHVLMFDLIQSMLQYEPDRRISLKDAVTHPFFDKLHCKRDMRESTSR
Octopus vulgaris;CLK2;CAI9721981.1;MGDEIRWGGHKQQDHPELIAGAPCIEDDEDGHLIYHPGDVLQARYEIIQTLGEGTFGKCVEVKDVARNGQIAALKIIKNVEKYREAAKLEINVLEKLKEKDPEGKYLCVRMLDWFDYHGHMCIAFDMLGLSVFDFLKDNTYYPYPLDQVRNISYQLCYAVNFLHENQLTHTDLKPENILFVNSDFEVSYNAKKRRDMRRVKNTDIRLIDFGSATFDHEHHSTIVSTRHYRAPEVILELGWSQPCDVWSIGCIMFELYTGYTLFQTHDNKEHLAMMERILGSIPYRMAKRSRKSKYFYHGKLDWDEKNSSGRYIRENCKPLKHYLRDKGIQHLQLFDLIEKMLEYEPHYRITLAETLAHPFFKPLLKEQPHLEHKPSVPKEPRIVDRRKSYQGSELSSENHGDRDCVKTKSEGPGKSDVSYSYLPAVHNGAQQ
Patella vulgata;CLK2;XP_055959108.1;MKLECIEQGRAGTRQWGNMPTYLNRRRGSKDRKNSGERAPSVEDDIDGHLIYRQGDILQARYEIVGTLGEGTFGKVAECKDLQNTGDRLALKIIKNVEKYREAAKLEINVLEKLKEKDPENKYLCVKMFDWFDYHGHMCIVFEMLGLSVFDFLKENHYIPYSLDQVRHIAYQLCYSVNFLHENQITHTDLKPENVLFVNSDCTSVYNSKKRRDEKTIKNTEIRLIDFGSATFDHEHHSTIVSTRHYRAPEVILELGWAQPCDVWSIGTIMFELYTGFTLFQTHDNKEHLAMMERILGSIPYRLAKKSKTNFFWHGRLDWDPTTSAGRYVRENCKPLYHGLLDKGKEHLELFDLIEKMIDYMPENRPTLREVLRHKFFKLYHWEDSPDTSAPAASDGCLALDSISASSSTKTSPTNRFSGEFNLAVGSDLTGSPLNLQNPEHFVKSQSPHRNFNDPSSSSGATAQVDSHETPSKDSNVSNSMKSTCNIEMKDKRKSLTNLELSGDNELNIDFNIIPPTPVTPVNNLEQDLTISSTINNDGDNSSKTAEVLHGQDIDIDKILGVAEEDIFVDFTQRRLSLTQNGLNGIQKDNEEEGTSVDQSNLGVVLETVPESGTTPEVEVFLEADAESLTVPESNEVPKVEVAAEPDVAPESDLVPVVDVVAEVNVVPENSPEVVQNTDEHAEDVNRDIQFSVVVDLNPPDQTKVESVKEQPKPTDKTEDLEQSSNKVPQIIEEVAKTKENPKELENPNEITSSKEITNSKENDHGSDEVTKDEVKANPGNTVEIKLNKAEQPPKVVTNSLPVINLATKAMQEQGVVQASKPVESNTIQCPAPPPIGQNSPRPRVRRRQRRRCSDKACQTFITFPNHDAENEIVQAAFQKYAAKLLASKKGDDESDDETLQFYDSSETSVT
Drosophila melanogaster;DOA;Uniprot:P49762;MVAANLEVPTSSSSSAATKRQKDVDNKLEKCLNDMLKLKTSSNNNSTSNSNNNAIMSHSLTGEHKDPKTALEGPTSSSSSSSSKYIGESQIPVPVQLYDPQKPLLQQQQQQQRICYPIGKSNSTSQLPMGGYQRLLQHQQQQHHQQQQQQHQEQQQYPQHKRPFLNWNSFACSAMNGASDPFMQQQHMPAHQQQQHLPHKLQQSYSSSHVPKQAPKSGLAMFLQKNTNKENKFGQPMQQQPPGMMPQMYGYQAPQQQSKIGYPRTGAPLTHSASFSSAQRPTALQFHQQHQQQQHLQQQQQHPQQQQHQHSSFGVGMMSRNYYNMPKQPERKPLQTFDPYAYPKPNQMQPVKYQQQQQHPHTQFQNASAGGGGGGAAGLQYDPNTNTQLFYASPASSSSNKQPQQPQQQQQQQQSQLQQSNSVIFNHSGQQHQPHQQQQNEMSKSALGLHFIETAKPVIQDDADGHLIYHTGDILHHRYKIMATLGEGTFGRVVKVKDMERDYCMALKIIKNVEKYREAAKLEINALEKIAQKDPHCDHLCVKMIDWFDYHGHMCIVFEMLGLSVFDFLRENNYEPYPLDQVRHMAYQLCYSVKFLHDNRLTHTDLKPENILFVDSDYTSHYNHKINREVRRVKNTDVRLIDFGSATFDHEHHSTIVSTRHYRAPEVILELGWSQPCDVWSIGCILFELYLGITLFQTHDNREHLAMMERILGQIPYRMARNHTLYSKTKTKYFYHGKLDWDEKSSAGRYVRDHCKPLFLCQLSDSEDHCELFSLIKKMLEYEPSSRITLGEALHHPFFDRLPPHHRVGEVSNKQPLSSGSSSRERSHSLSR
Caenorhabditis elegans;MADD-3;Uniprot:G5EDB2;MPILHQKIASTGGQPSTNSLALRRLPLVVIPRKRKYKNYVSRRRNTQLLASLRRCVSDPNVYKSYNHWKALLRPMTPIKSGAPTPKTVTPMPVPQIPPHQKMTPNPTPTQNPVQLPLPHAVSEKPGDKKSTGPTPSPVPSKAPISAAKLPGTVTKVAPLLSAAQPPPKTLAPAPGASETNSGSGPVSKQVSGKLTELKSKNGTVTEKTEKAVLRIPSSASTRAKAASAVAPEANPAPVPTATKPSPFAPAIAPLRDGAPAQPPAPIQASAPLRPPVAKQNSLQKPPEPKRSVGAPPKALPSELVNKIDGIEFLPQSSNQNTDDGQQPTTSTGGAKALRRAYGSKSGTTICAIGSPNVPSTSQPQQGDNEKRLIEKKLSLRKKKLSGEGVPPAGSMLTGSKSGVEIGLSSNLTTTNNNNNKEQTDEQRAKKTVNAVAAAFSTQAGSGNATTVDDPASTTTSKENPAAQPPKPKSAAVQNLISQLQLPASVSAKVDKIIACGDKARKPSRSGLQASQARPKVPEIVSSQRTQHQDDKDGHLIYSKGDFILNRFTIYDTLGEGTFGKVVRVNDSLSDTFMALKIIKNVSKYREAAKLEVKVLQKLAEKDPEKKNWVIHMGSYFDYNGHICLLFDLMGSSIFDFLKANHYKPYPMEQTLHITWQLCNAVKFLHDNKLTHTDLKPENILFVDSRYTTKLVDKKPLRVLHSTHVRLIDFGSATFDHEHHSIIVSTRHYRAPEVILELGWSQPCDVWSIGCILYELYTGVTLFQTHENREHLAMMERVLGDIPLRMAKRTKTKFFINGRLDWVNTSADAAYVRDNCKPLRRSMSCTDPEHVELFELIENMLMFEPLARMKLPEALQHRYFNRLPENLKIPCKMDASTNPRINGD
Schizosaccharomyces pombe;LKH1;Uniprot:Q10156;MHSLKRRRNHAPDWQDFYKNGVPQEVIVIEDSASPRLTPNLPPPFSVHQLQSFVPPQPPSSSSPSTTGTVAVPINGANAVYPSTNSVSLPQSYDPWLDANGVVPLPHDVASHPSYMVQSPTSYHACSNNQSPFPHSHHPPLHNPLPVSCQPVLRPPPVPQVPSHWYPVSLPSPNLPHQPISKPPVIPNLPKLQVHPNRLPHPIHNHPYSSPTSYPPPLCPATYCPSNPPQLAPATAIAPSSQSSQHKSVNYSVTPSSINNHTAVPLSPTLAVWLPMTQPTFQPPSANVYQPASNANQVITPVSISDYRPPKKRKRAAWPPYKKVDRVNVPVVHDTTAFDPSTFDDDDGHYKVVPNSKFANRYTVVRLLGHGTFGKVIQCYDQSTGRHCAIKVTRAIPKYREASLIELRVLQTIAHSDPTNENKCIQLRDYFDYRKHICIVTDLFGWSVFDFLKNNNYIPFPLKHIQMLSQQLFKSVAFLHSLGLVHTDLKPENVLLVSNASRTIRLPYRNYSQKVLNSCEIRLIDFGSATFEDEYHSSVVSTRHYRAPEIILGLGWSYPCDVWSIGCILVELFTGQALFQTHEDSEHLCMMEKILGPFDRNMISRSSRTSQRFFKSDGKVRYPLSNTPKKSINYLQSLQTLEQIFAVSSPEVALLLDLLKKVFVYDPKRRITAKEALWHPFFTQPISSNL
Saccharomyces cerevisiae;KNS1;Uniprot:P32350;MSQNIQIGTRKRSRANMNNSTTTGPANNTSSNKTFLDNFEETRTNKLLDEMFARQNSFLTDNLRNSLDLNQADNPLRPRQHQHQLFLDNENAIELDEEPRIINTTINNSNNHNSSRVDEDADDDIIFIKEQPIQFSSPLILPSSSSINNNNNIVTSNNPGCGTAATSNSTYITTPKKFKKQRTISLPQLPLSKLSYQSNYFNVPDQTNAIVPRVTQTENELLHLTGSCAKTLEGNKAVNLTIAHSTSPFSNPPAQIASLPQSNLKKQIGSSLRKFTSNGSSESASSNKSNFKTDKDGHYVYQENDIFGSGGRFVVKDLLGQGTFGKVLKCIDNKYEPNYVAVKVIRAVDRYREAAKTELRILQTILNNDPQGQFQCLLLRECFDYKNHICLVTDLYGRSIYDFMCSNGIARFPGSHIQAIARQLIRSVCFLHDLGIIHTDLKPENILICDETHIAQKLPLKTVQSLSKRRREASKGKRKILKNPEIKIIDFGSAIFHYEYHPPVISTRHYRAPEIVLGLGWSFPCDIWSIACVLVELVIGESLYPIHENLEHMAMMQRINGTPFPTDIIDKMFYKSKHKLGNSPSDLNSTVIKHFDRKTLSLQWPEKNKRGDTITTEKSMKRVLQSCDRLDIYISKVLKQDYGDSLSINWNLPPEKNWSLINSKLAWKRQTHSSSSSTTDELDKETFLFWYWFIDLLRKMFEFDPTKRITAKDALDHEWFNLGILDDGIATYNNTQG
Cyanidioschyzon merolae;LIK;Uniprot:m1uwb5;MRRLRADDDVDKPPGQHKATADDVTTQMWNETERITRSPRTTGAVSSRAESRDSGSRVRRTALKGANAGASYGPGTGQQTRYYTRARSREANSLAAEATFTGSSLTVYSSGEGSVNQLTATASGSGVGSGSGQGSGANSGQGSGADSGSGSGAGGTGSSSISNDATGCSRSGSGGSAGSQGRGDHGTEDTPVSMQRAHSTEGYLHRVPSNGRPRNLAEQMELVERPDTSALQLRGPRTHALPIGSPAQLQLQANLREQANPNATAVEPAPLDTMQRRAAAFAQPERTNTSRQAQQQGFARSRRGVFSDASSGRMQFPSDVSAGAQHASGMHGHHGIASQALAQAAPAVAVTEAQRLRALSSMDAHESLPSWRAATPRAPDAQTVLSAETRTAADECVSVSTSSFERQRESALENPPPSPLMMIAAQVVAPRLPPDLGLALQPDDPNGHVQYSVGEGLGPTADFPNGRYQILAPLGSGTFGKVVSCWDRVTEQLVAVKVIRAVRKYAEAARMEIDILLELGRKDPTSRFHCVRMLSYFTHVSQQGNAHVCLVFEHLGPSLFDVLMRNHFRPLPVPILRAVARQLLEAITFLHEHNQIVHTDIKPENVLIVPSSYYPNRQITEHVQVRLIDFGSASRLDKVSVRHAIVSTRHYRAPEIILGTGWSFACDIWSFGALLVECYTGQTLFQSHDDLEHLQLMQKLLQHENGEVIVPPPRPSPSSTSMGSQRRREALKLFRDGRLNWPEGIDEQSANSLARQKSIRRVARMPELHSIFRPEHACLLHLIRCCLTIDPLKRWRPSELLRHPFFMSYSTEATP
Arabidopsis thaliana;AFC1;Uniprot:P51566;MQSSVYRDKASSIAMILETQRNVEFPHRIVDKRPRKRPRLTWDAAPPLLPPPPPPTVFQPPLYYGPEFASGLVPNFVYPNMFYNGLPRQGSPPWRPDDKDGHYVFVVGDTLTPRYQILSKMGEGTFGQVLECFDNKNKEVVAIKVIRSINKYREAAMIEIDVLQRLTRHDVGGSRCVQIRNWFDYRNHICIVFEKLGPSLYDFLRKNSYRSFPIDLVRELGRQLLESVAYMHDLRLIHTDLKPENILLVSSEYIKIPDYKFLSRPTKDGSYFKNLPKSSAIKLIDFGSTTFEHQDHNYIVSTRHYRAPEVILGVGWNYPCDLWSIGCILVELCSGEALFQTHENLEHLAMMERVLGPLPPHMVLRADRRSEKYFRRGAKLDWPEGATSRDSLKAVWKLPRLPNLIMQHVDHSAGDLIDLLQGLLRYDPTERFKAREALNHPFFTRSREQSIPPFNPNPHPFLYNQKN
Arabidopsis thaliana;AFC2;Uniprot:P51567;MEMERVHEFPHTHMDRRPRKRARLGWDVLPQATKAQVGMFCGQEIGNISSFASSGAPSDNSSSLCVKGVARNGSPPWREDDKDGHYIFELGDDLTPRYKIYSKMGEGTFGQVLECWDRERKEMVAVKIVRGVKKYREAAMIEIEMLQQLGKHDKGGNRCVQIRNWFDYRNHICIVFEKLGSSLYDFLRKNNYRSFPIDLVREIGWQLLECVAFMHDLRMIHTDLKPENILLVSSDYVKIPEYKGSRLQRDVCYKRVPKSSAIKVIDFGSTTYERQDQTYIVSTRHYRAPEVILGLGWSYPCDVWSVGCIIVELCTGEALFQTHENLEHLAMMERVLGPFPQQMLKKVDRHSEKYVRRGRLDWPDGATSRDSLKAVLKLPRLQNLIMQHVDHSAGELINMVQGLLRFDPSERITAREALRHPFFARRR
Arabidopsis thaliana;AFC3;Uniprot:P51568;MIANGFESMDKERVRKRPRMTWDEAPAEPEAKRAVIKGHGSDGRILSPPLRDDDRDGHYVFSLRDNLTPRYKILSKMGEGTFGRVLECWDRDTKEYVAIKIIRSIKKYRDAAMIEIDVLQKLVKSDKGRTRCVQMKNWFDYRNHICIVFEKLGPSLFDFLKRNKYSAFPLALVRDFGCQLLESVAYMHELQLVHTDLKPENILLVSSENVKLPDNKRSAANETHFRCLPKSSAIKLIDFGSTVCDNRIHHSIVQTRHYRSPEVILGLGWSYQCDLWSIGCILFELCTGEALFQTHDNLEHLAMMERALGPLPEHMTRKASRGAEKYFRRGCRLNWPEGANSRESIRAVKRLDRLKDMVSKHVDNTRSRFADLLYGLLAYDPSERLTANEALDHPFFKSSS
Guillardia theta;CLK;XP_005828479.1;MRVGGEKRPLRQDLQDYDPRQRRRTDEVKYPDHQWDDKDGHYMITLGESLLPRYKILKVIGEGTFGKVTQCWDRHEKKYVAIKIIKSIQKYRDAAKVEISILKDIERKDKNGTSGCIRMLEAFDFRGHFCLVFDLLGMSMYDFLRQNSYRPFSLNEVQIFGKQILNAVSFLHNMGLIHTDLKLENVLLVNSDWQYHRHAVHGRSRVVKRKDVVVIDLGSAIYEKDHHATVVSTRHYRAPEVVLGMGWSFPCDLWSVGCILLELFTGEATFQTHENMEHLAMMEKIFGKIPLHIVSRVDRKESGRYFSDSGELRWSEEATQDSVRAVEKLKPLKSMFDLSREDHRQFYDLCRELMILDPNSRMTASASLNHPFFQLNIEPDFTDLTLLQYPDAPIPPSTMPAPPGHVPGKINSTQVPRNTASETLLQQNPSFHAGLPAGGSETSGKSWLPQDINA